key,id
sha512-0KgoqSj0HjRqpUysBrkciqVLvuycDwnPfuJukHZsUtCY7AURCus_rn8AX4sed7ErcSIReuKkPEFvoGr_qnY_ug__,0
sha512-0wB9cjmB4q_F8uSumABVURS0B8fzknMVp5S0nYC_yoInKGNPmAsTEGJiYLeoe5Epg75EoFNAmktamSTltc1rjw__,1
sha512-12Fw15n4UqUvykDI1p7UkkXdoMkMfu6fsfU6xL3Oe_N4ePzosgzZkPYXU2niASeio3bxkzgSr_tv8DzT53n7kA__,2
sha512-1ClAvpROHdkf47HIXx75tE0T9OjlbMeZ_K83wB_2bEK32kOnof7LDzm5ULLHmUIsqauK7Hr7MpyUzrK_JogWug__,3
sha512-1jjue_EHTnceImMU5JAStMgTvjl3338pcwXZyQYqiP8D47Kehw2RUpx20AgrmAAS_ZdpteuEE_OxrvKK1JI2jw__,4
sha512-2KfH_N3TBAaqSZIOklah_fDufCC003LyaxLWrqtERGgosPXlD5KJrxqu_hPQTJOXvAKunRIB81rVMgdG1vUalA__,5
sha512-2Q_GIFJiNhYnCesdqVllP4D_jzvGWfQ6NHJggppjcxlcqZZnhri0jDhmQ1gPSfCWqEBRC8e_Kg2NkieFwdScTA__,6
sha512-3P8rXCuGJdNZOnUx_03c1jOTnMn3rP63nBip5gOP2qmUh5YAdVAvFZ1E_QLZZbC1rtMrQb_mah3AfYW11RUrWA__,7
sha512-4O1f2CuiUwr__o0mOE925wHC0jNbUKAxhnVsmHmCShVR5u70m82eS_VysWvXSquSjcXeDft6yh9t1zT3kSFtUQ__,8
sha512-4PFD5mRHTMSDEx5_Q2nUMd8acL4vCjFkK_BemPPwBMML9dAMd0tIMox5dn0rgk4vkReng7WieYkSF558GNNzFA__,9
sha512-4_ZrE55fzB48riu_gl25EBd1FE5yItjSoYbxiNhbn2e4YUQaQQd2tNxEMciDHAVX_5z0Ukbaehw4ydSDbpwOJw__,10
sha512-4rgYnurxnFSdCDrgqqH1h_sOb4_tUd1MXYeCeu5PcYa_svtguh06_TGpvGwvJB6a3SNp2cDaN2f8F5yZ1o_vPg__,11
sha512-5eglKKhXeNGoXL9ROliJLB6CN42MaaWahkSQcf61vpi1Ge0yWeH5vgBHDRIWjERXkK87SdHplvbRIDUg74YgOA__,12
sha512-6fjBfEVMrq_YAypPppYXeVsKwxRRRg3T_WuWBVSHqLOMyfe5YwmGpXHQUC9Uybp6sgM68Z68d237_wTCgLZjLA__,13
sha512-6x7vCaavHV1Mfy27vr81sQkP5B1R_ILzYprwhedjGmau5GA4PatoBIBBBMUjrZKy_QX4I4Fe_tlnmlCby6pQQQ__,14
sha512-7_TKjlY2QGNaGTAeRyikudBNKUHWfhkuCqNpiWc7IJ_D2bJ1hwOQKvPljVatMy1lImZkgn0FHhOVOJQisw7Qkg__,15
sha512-7gpupWSJVT2sZ4BDVhCe7t5Fpd9ZNugVTEN8c7f6m_DjrTLdeuyH8QVg6xM60xBjnQ_iKzh49UfSRZWfUEX_LQ__,16
sha512-8J_rHM582_DOrNlnTCjUuV_i5U5JkXmofavuTte2FhaCcGFtVROTvwSgyr64iLmi4rXGr4NaN5XisgO4Ojp_Jg__,17
sha512-9AW366i8Rkqungyda4i8k9DR_3sBDHF1_n4dZNgQp8_JwIsYDi5_O8qlk6Z6uopaKSc_fzhfhnQgaDLAWH0WtA__,18
sha512-9Xa1z0RoqquTOl_8YQjMaqpNFDjnwzRAeqNR2CBSTBWck1KMAW9xRRNChEJQVTwSEzhoUvNrLs_C2wrwkfisAA__,19
sha512-AHoAq3LCoTaIFgGrVskzwG2bC7r4IZH_SuqqUbOciMoIc5DAK5LmVbgHkE8fbCuQoFyYQd9euBYLODXhNMLgkw__,20
sha512-B0Hkw3xrrz48fKJsMySQUVuB1suO2N3q2EQgiuBA2POLQ2_4N6PiCTh8labnkzRO3j_rhvVilRxATsTPg8ggJw__,21
sha512-CfKYtupnUjuoNI_nZkfG9atd2mrs5f7xmybSdHzvAkf9TvoSJIwsoglQOnr0Or0b8RBp0K3_9lqQ3hZxM4cvQQ__,22
sha512-D47r_Dd2mjkNGS4mRh79ifnrD_3RvVvxZ4_oR0hcKGXE3uLrnliEQNDlzCRylBjGaDFE_tUkFCYKNvgzidSo_A__,23
sha512-DOdJm5t4XNuTLYBbSHABAbgHn1sPQvE_r1FFUZiD9aUYbm_oE2_I9HmoIaWkCBAVRQBHPYMRGvKiNcG5IgAwoA__,24
sha512-DUpBPaST_p2X0lM_iWV3ZSs_6Ikn_SRON0r9xGxmnCh98hClxubgyCbPdFU8KTlmuxgoXu2N2Y7aSsxQS8DRsA__,25
sha512-E8hEpwW381_RI5FbskrPNZ4nhNuLg_7G0HwRrf5U3IEQnWumahTpei0VjezmR0pgJIdkbPzgxZZCcb8L5Ri6Iw__,26
sha512-FZSc4Ph0LYGGfLKLNZZPHpwGXDoEh1s3A9zL3xfaRNcAkYPqu3mij3VsUOSznxn68uIeBjLyu2jwgf3yDrjj5Q__,27
sha512-Fb8i_ZYxLG1_j9VBOrLFqhr4r_yeFCOu6kIcdUzf6o__gDb2A62UPCvZDmPdwc_esIou5NEPC7_fGmdAI6MytA__,28
sha512-GJVsKl4VUjmazO_t7Rogtp3LNniKM_N0Xukgimo8ZuY0q_U_p_A6yUxQzqlFFn64FjS2cJMxkz3F4thBTVLAXg__,29
sha512-GjyLXalV9_QTGNC2rDK_IHVay0n_DwoJBBOxjxBDqt_bdu0HBcX5KB1oaq3xYJHkBCqfsDuZSleVXWzsdmROIQ__,30
sha512-HYJUT74sduyGivWSONhqQOdinzcjjGCWu2Y7PW0R6CPp9_b8sCoggCpw2UfBkQRqUc7vrFbHuZMUS4yWV8oE9Q__,31
sha512-I9V8Rx0htwrIjaTEcXpm09h32Q41uZJ8W5STaraMS1LN8Lf2zAI38V7dWBeAEaAKeefeO4mbT_9PCvcN1zUrdg__,32
sha512-IQHpgAcgESZ0NuYlgUqHO4FqC09_SEa_XrHfxGrpabVuNmLuhWL2dx3ZhJ5_NGPd5miCYl1g1UhIsDUKo2pVDA__,33
sha512-Ip7NLiV78wq1DliaMoWLI6ySSftRTfpKEhkKPY5DLPaWhn_x_gM1sp0q4bbFkN_ck_tgbMxQZDybet_YD_IIFQ__,34
sha512-Iu8MLgZNbMud1hrP1fDRMjR9KNI1hHuSGKULY3xWnRLDoQ7aS3XHigA0F4Ywo8hMf5NtoUAz4_O_ph3Ps_ay9g__,35
sha512-J0H6bgOWIbk9ibLqD57EzlbDZVAAFwEyQG37sb0txGG3HYGHls2clD6I6fibcNIFc6E9pYREUpfeOf9lRDzagA__,36
sha512-JJpm2XhhiQlyiyjcj0qTR6ik2p66pZA2_z_usTuCyMCGfBYLHXuq0xQPtIIhTUj_skHFgjSYkWSB9OGDd1HEgw__,37
sha512-JQn_zCx_8_6mGLkZneoCXIAj37dKMKBYb3TwlU3_70JQW0LGwwoZiUU5ZltZDWNJZRalFhMJofaR51dgA67J_w__,38
sha512-Jx9cATrgsBVZQ8PxS4npUkOmuOGSfmHHiMKkTXuaIWNG6zc_91qb_sWyDHNcfg4Y6ApXdItUMqn_HtoGVR1l_w__,39
sha512-KwLYYHFj2iXj2j_QF7tNj_QB5fEmFQ5SL45duKGlmOKnORXj0B9v5vk4aTN_xo2DUCaNokJhQ_qUpe7rsOqFkQ__,40
sha512-Kwiy55RWUUuqaBKs7WCKSZ_iIR_gFabV_24r5Z6c3tgTw2M5zGzfcpE3_zckQcWk5dPyUgar1EjjMuxmJNmDSw__,41
sha512-KzBBtpgfnHqtV_WHQJG_jSwbyZeJXbLgv4lIR6j8eNO1N_elZv6jkXplN8bcfpJsfzLovvXer5eUHK_f5TZvUQ__,42
sha512-M80hCMTIvDIziZACMDsAiLYwX75CMHWlFxXlAmkkeSg_NXHq5Dih3aQ1IecUHYUE96dKpHhNaMKfxSkfxNC_mg__,43
sha512-Mx9cleAqttVE_3TxTwRpgdpcOB36NsTSSy_T6VgkncMU6TXMU_eVanfEdc_lBViuTIRCdfCb96WuLRQTqBydgg__,44
sha512-NAWWfIljT1DNngx_ekCd1_q_3Q5ZhLSnwDsBHDQEY6IqUywskwg2HJKXYMnuMBq_oCCyOCyEfhVu1x7V_DYi9w__,45
sha512-NAy8Fp3mT5CH_Xp3eSfT2cUBqmmapSKzQTJJl_m2Wzd2t257a5nVwjbMjmdiHeFc9p3Ij22yOTFKpWXGQkHBKQ__,46
sha512-NwUO45m5zvNCgx53eL3VSnt44IL2uqpahoZeDBCrFFzF5a5OnMYHY7hzz_SuAr_y1NybwiD3J09TU7Nk3UrQZA__,47
sha512-O7v5EwLqOXx3JUHZGkwCg7yTe8vl9g0EsbPYhGvF9JlvLJ1FQxYsXYDwTF_5qynaUsjEua0xiITg2hbtSTOURg__,48
sha512-OCL1NaI6blEOVrKo6Q7xs2b9uvttZBPRnt_igroD2o9QjYb_eWtAclLE_FKrpmF93dT_nSCrLq6UjmFEc06CmA__,49
sha512-OCpjWFYRfkk8ch0ZPoXDbiiEhmF1bWq3RjGrQx2SAIoefdU3yxSWHKLjekmOLYVSszM6gZzVFFKRYFAvxs7CkQ__,50
sha512-OJMVjCjFtKORXJZjvRtlC0jMm__3geCzBp1Tz_hiQrbhjmPafRAED5asjkBgg3w13p7dAAjpnNHFqmnOmuODOA__,51
sha512-ORVpAzvqmNSMSJ_wgUQ_x1z0palBgddYz7PxVIs36ujyOXzjqj3Xw_QDGXsQO_vd8APzA72li6xd5ZQ1b9bmsw__,52
sha512-PIh2bjnFwOHlatQOCGylQhJxw6nC3vDy139F7RH_8_ssAlc9OWwckrYaOk_8WMVzwEJmKQioIF1ho0XkHDGiag__,53
sha512-PdgidMXe0UKuRrxKo7rCpOWE36IV5o0tcA_BzcXeW8iIoeK8fWHyhCnbGXxAsLE4XTDI1ZYRmG29NfR0Byxylg__,54
sha512-PuPcCM6sjQL_yS_hv1fNodbiN7i1g6MltMwmmMNv1cWukygfm5DhB5k8CTSXX7CZkljNBnxR4pn91Q8CoGJwJA__,55
sha512-QCZphd0yT0pus3bUw_hXa8HXZ3aSOfIAyUECSTkh7eI3yux_BytYiXRvArpCmAhhkAO_ARmBCliz4_BAYGe5Jg__,56
sha512-Qek4A2hP6aWKKt3zzH_JeaI4sjCG2JLeHvw1NF1_Fthze5_zj6sUS4LKt0KwBTWo_o32txQjfG6l01jo_sYshg__,57
sha512-R1xPJC5cReQ5SUqdAjoo7F4tA9OxwdQ8jQesnu5yh6Iw6NUaRD2Q_mjsL9bZkhLDgOF5rPTF6LRRBISjr7lHRg__,58
sha512-RU4pnmh4eTMKJg7ezdj6WrRI4iH5YlCFH88WOYtSxPd6SY8AuGHa0pUo0_kqCUFBbZmwRnOBgD5uTC_YAzgtBA__,59
sha512-S8cu90xNUDntyVGYI95R_yCeCBJL8AgxxuTfWI5bO8VNfnk2cMptwOCzQzZkELHMgYbBniPrTzqnZ37ySzpMEw__,60
sha512-SPncLOmQQcN7_W5y6B_YMf0ZHwsh9MylEMa09xHST8UTJ36qR86JPrmcWJpMidkEkWJGUD7uqIIiFXI_yllFMQ__,61
sha512-STp30E0lsIhrrbPmd5_0HpCeF4WI1lji2JllwRwc6oqoqh0Z0kgTE_vMWmODXrm3cWfgam6xs_1cbKqtvplLlw__,62
sha512-S_HO7FH_QbUOWM8AkTikPASU_czuL2AHUnb__EkU7PljTKEiZAtx0HQIb6YNdT02ghNJfNAiJqnwnjK317EmEw__,63
sha512-T5mNRKfSJCyx_d0R0xpnT6jWtEtTcnqq_Zv0omY_ECOMU45Is_jjzhpe2Fx5mk9e9TL1Fvmurg_VYJ9GPP84_Q__,64
sha512-T8wXXsX8muosPcf6yL4uf8Henp6PXT8Ac8CPGYdnSA0K8qlyhDsTpEmiIyhqRu_NH3XM7J2Ga3B5PbzU0MWQIQ__,65
sha512-TEteuM_579nVRPhvGi8QbtpaLHVlrpDrNUA2cxBJ7IUNf1W6D1MnMSF89ArSGEC77FJi7b3JLmToA3xVNRa_zQ__,66
sha512-Tc0i_vRogmX4NN7tuLbQfBxa8JkfUSAxSFVzmU31nVdHyiHElPPy2cWfFacmCJKw0VqovrzKhdd2TSTMdAxp2g__,67
sha512-ThVlukaScU8obC153VHiyLC2Qtk4aGkTcU45CNHddg0QEB_PQIFmTCSt9RyTp6f23Sd1Fs5FHsujGKJn77ttFg__,68
sha512-TwJf7g_gCd_L9zS5vMYUtNk70TI1ryxMq6W70FXga7CPX1ES6Djt5CRbwJH9nUGahUSuy7RXQ0BTtsfIZU8hYw__,69
sha512-VFClYH6vUJMY_gVcFj_a1sONhcuu0AkNUZXHlqOW7k_kYGQSbRQnfUov_QkYqaWpxXUMv8h2HFo87iHQ3byRjQ__,70
sha512-VkzWIF5wneVbq9LgtbwMaEh1REqr3ZK7s_LgJAH2kU1mwdf0sYi7FscXSM90ry8ifmWReyEnPMRj_dTD5joVAA__,71
sha512-W7wGw3TYNX2c7Ipcdh77XM2HfZefI487NNKhUzv8mm1oYknZQnZF74lLToLDZA0kUC_G1aWoYMCcypgpJAxDhQ__,72
sha512-WHrD2qyWwHEWKPPpIlPjbj_LZBBxMu7dH8D80ZD8SrdwTuv_wDK5YTxAycSGyH7xox3APGVelCvVjkapaNovvA__,73
sha512-WKKICDl8jDAHiENY3JlZVis5JcqRt41Ke_zCNKITI1kF_N4_JNatxzyEYvqTZGkeSDIR39GxCuzQTboBOP8tfw__,74
sha512-WVKDVHRcGa_EhryoOucxnXjj1d9iOvn6SFGB9BXflId5OVQoJqi_gkAE3HFSgW_EWFsJe0AKYmCoEe5o4g9zaQ__,75
sha512-WXeQb5CnTBN0nd_N1bc5zPmg9Buq9pjEhmrfwTTZkV7d7mHPl2iuymqmT63TY7MLQ_wg31ulksFFDGL3rYnkmA__,76
sha512-WbV0U_WR1NwjJVbpM9R6MCJJQ8rJQjTwAAownbAm_Huk795c6bJt5T6xyMHef9emHl2q6Ma0uQ4IsXRGLLGBNg__,77
sha512-XBrIdOOAt7USK9yvKF788Mm_qSIU4ZRZqTn9NEyrBYbvwpBu_It7UvPPKeqpmMK_BUAGnM8euMQAEJuZRF4MHg__,78
sha512-XFD7vbPFZdWds6ic13_RcH_075uX4U9YQFkzGrLGGKnHMuGn6g3njb16nMuwX0DUUmyznBfoycCdzibPo7SIQw__,79
sha512-X_xpXX5_ywJQpxZmUAPnm49uOEnXgLKEcAv_n19BFDFSF9j2aAcwycf6usd9x_o0HVLk_t02RLPYC9_RpLhyug__,80
sha512-Xywh0x692_2eJ4gU7CDqncRsBrf3V5eINuvMlEGimEWEMBEHxrJOnbICKC6klS8d8mayZO2UtshiaCRH9vbIxw__,81
sha512-XzQ4OLe1_WUtNFrSejZdOST2ZAPwSxgBx7QUjz1i33zmc2Y_ycgOTX9L7MOe0BroM8ngshGKbNAKILPZIVKfxg__,82
sha512-YEwduYPAHypsf12nhJUE1KdVstPTR0zlCcv_cbz_AT_lulFzXn8OHrNkdHUXBDT3r2UEAdQMPWQfomq_sRvj3Q__,83
sha512-YHQYwfpATA4Dfp_IR0qC8YyFMHeceOOxyBrFifGYwgp3dvV_t_IKDX1vk9eC8q97keB7Lmdxf3VDhSoaIbXo2A__,84
sha512-YchzPz5hLDGLz9XxDwwQ18HLtUtxAIUR4kjNBlYkbT92pbyfgsB0DgJJ8vVPzPlPcaVkCvayuQOwrCRaZIgoWQ__,85
sha512-Z2xM_dD85EtVQ2MHz5lA5UxSab88Q0GByGpzN8WK65UZsbdpjO0DtTps8R8ulCBXKyhOwnqSyrKJ_knBtT41bw__,86
sha512-ZNNLOf68ntbmQ4qag3Vp7yNe9BM_CAlV5pqDny1jZM2K5Tx24W_kKWpnXAokoyHWBtlxbEffGN6tHomMgFu4ng__,87
sha512-ZQrQMIDKAWfpV8MdPmaJ3H2eaLMgpqkF2MI64Qyxtuj_ZjebyaGlvKX63Am8LlRwGWJ7CgIOYmQfqel65YlcJA__,88
sha512-Zfe_E6SoSSY82Gofd6FBYbH9k0qb4avao18fVEf412guhwQORoYuXSOcGQX4fp1ltYKW6Q0QE_XNYUBMy_2VXQ__,89
sha512-Zvc2rJvd_uhZlRh92Sa3LLJRaEnbK9S5pmeAN2QOm4Y7SBcjtBxbwrNjeFZwpgsvl7a9en0enyJdADj5UfrqzA__,90
sha512-_NCFsiOI1EUFbiK2T0U5xyDLdiRcqbg2B1KdHSLYaTf002XOLlWpXFUBlohF8gOAB1kiOlF_7geLOZ4BNPoH6g__,91
sha512-_TLuf4OHZRxzsUcfLKSw1CHHQPUUfgye3GFws0hnddoQ8n3yykXbus_FiRyBJ8v3XX3bLpdxcXyq14Qwjz82NQ__,92
sha512-__2x7MRjmawQzF5_PolqWDDdEp3rTWFrO5z_QBIftone1v05SGNdo3uZeECILVBNiRa5Lgt9jk1S2TypRUhVCw__,93
sha512-_uKQc1DFPdEQULDUmj0pqj5JEXscQlcRKlvG2HpbU8Dcvq8g0YlspZik5Bl09ryzrotxn1W6Y8QYvtJtIkv4XA__,94
sha512-_wqVs8YYEcOnzM4QnWbBnmbM90DdsTZYsgP6bmjn_HJBHeU4o1uO59TBblotJATRiiAOnac9gzYtVJ8h1N8DLQ__,95
sha512-_wwqimK_gYep4yqqYi6UIAtABSbx7tdkI9G2eYxU9AEXkZQHk1moHoO18a8bmzJ7js70V_nwmhwTwxs_0rmtUA__,96
sha512-_yStRImMRgVHihNOGhqg_dwsHXArOGczawO4udwS_zxx_sS3hiqeTRp3gD_Y4XyzYMgVWi481Rqy_4CeCmmvvQ__,97
sha512-a55cG5_ttiY5h4BRJuuDzXzsESO46PZaH6rBxWx4f_rdizNjOXkHVw2zE1iZYn5zJytJc8O87Ff4MyqJ6pr_8A__,98
sha512-aGlPkMHEYcuK4cUA_L2Vrm_8aW62jemR4rHxXAPT2F_mBUDitqTrNj0XcKSwvY1JZWiGRm_Ceju33K8R9BaSCQ__,99
sha512-anzvBXUS0bYdV5587BxY34tdgVGuc5jUUGIi0WopbvhzpLVLUV7ozejVnDOqdjKm3qlOf7W0II__oq9FrApXww__,100
sha512-b1A5bzZiMaeIH8jciFG6nqkuQTkrV9WNN0QIOU3wJ8uABCpY1ZYPCMSNlmAelljPPxmq3a95Ud_sKtGbi1O16Q__,101
sha512-bwpU_vJ1lhkFwhlMiUqbaCcez_WpCBZXxi4PMySGIoDevk0dXl2O_eaOr4tl8MGWuR3I8wh00ydmgVqYaXw4Gw__,102
sha512-cSAbi6D3iYCP7F5hL0Mx7f1IGFT3ouUbZIHc3Vi_hiemiDE5eQoBA7ZMuWRGnVZm9HdWHe8TASSARoI1AhCgoQ__,103
sha512-d18yVJpIEeBoeaWU5jrcRU4HPfedHRYHtcYTEyVCt_QQqIQav4rJ0yIv2PssvD8ZiyXN2fUxfy0mmFsj1DH5Cw__,104
sha512-d7D_I0OwJMhqBhM79ObRhBXromhDBvXRqwTfpT5gLxoQZv_xvTFif3ViVyFDE0Bl1ulr1S7RgzudrQQwEcVg9g__,105
sha512-diTt1qG2lfCI_uHMQwUNEp55Dp3nqtgWzkdBILnhrvHUABGmil6Lw1gXVvNNnYAhquDx88lEa1E1xx7nZLiUWQ__,106
sha512-eVhWCwV_nAaudrsAn3IQhRNw_wL6PmXSdTcvyf5JdmtiE5_dOYp66hUl4Kls7yB_yFN9Vg8aEF1qC4Vo8Al7Pg__,107
sha512-eezDu74uF_TJ89O_aXQ7GQMPs4JuB6zSHTWqvNmi_ZMDrKjg_Wfk0_BtfFv3u5g9ZnwszKBWOG8r03ip9_lRCQ__,108
sha512-ej0kLri5JSpEebLCWgitOY1rlm_O73Rs131WrBx7f9zAGgmr_yLmKZhkcgZdQ3BhfD_fnziYKObeUZUkgEwKaw__,109
sha512-f0VnxeXPfz2XNT21KWON3q5rneSKyg35rHrUeDa9JKG9E0lZ1XQ3CswZtNCUrHZTmkXzNYWNDi1VHa8_zKXj_w__,110
sha512-fLMtH6Ya5wByUu74XgX2DvC6fmjKyiuJk_LkuoNX1dL3F0FC4h_2Ymnyu5KWsOdtncqaEtI48POn_vOtzhh08g__,111
sha512-fudlYDpSne3_MUPBYfDqdC3Wz_u8YgTorlUYYGEmBRaQSBPzcvYymb2NeCQgY3i14sy75oiSK_N6aGIrEZEZvQ__,112
sha512-fwrDntLbK93K23L1RGZH3idfY6rX7pfMaRFM858MRNbm72PR1VHz0d80v2bLNiaD0aCXyQYH6ap_X9fNpyMaLQ__,113
sha512-g1neDVV_3CKQiOhm9Y2p2h7C9Q7tA7SHGWChHmDohGX_GPerjyx7nsALMYm3UFm48kjHvBA6AczKU_WdzMGQmw__,114
sha512-g7sK1L5sSwp0IGKZEzT42Hfpy83Spk3HpTHwHvfT6i56Ojn6_Ttr_sPOGy8QWK0H2DdbjPgbdf9rBaAiMDaWLg__,115
sha512-h3OMthnO_BH0PSL1Br2zEt4rOxnyaeGG6_bqfFiI1xykqnew_Bb7rLrC0PSmigdeZ2x5KhFpfMSA9LKPcOpdMQ__,116
sha512-hUPRqoylPHX1xJK_8fnBXuOgovRQ0sooJpbiyNnWyAzNHnyVSIP0rO9_bR8xoF6TXFFwWQbz3SGBBzMYW_v_0g__,117
sha512-hleiF2CJTn_4ZJdxp8A6wF7POToW1xWs7N07nJrHR0gwvfhbDcRv_PgzoAnIO7k0vUviITzhp_yqK9WIYVM5Dw__,118
sha512-hnZL2zvvNYofZILcEQgkImvFzvV5WvSOpnegxanYdPjYOHF4jzO9AEkCd_3Hny9B3O7XASVL2QAdpH9bMzL0Ew__,119
sha512-iLU47j__jtcsFUc5ZABGTiO21e_pyGDHPNp6AYqHTLTzITunrLCgxWJaWj3SFGsyfudMdXQ3fqMdOVkFNKH38g__,120
sha512-iqPgmagPhW5pT4EG7TfCLIeA9GAw3q385sYxmOrbnWlcw4pmfVvQ3DMk9b9biDCvfbzgBsh8GuoAmkToGhvXfQ__,121
sha512-jIvX088JZEfiCqgxDVa3yiuPnGjgXGb100r9jEXDF8BvFD2L1wX4l2UGD1an1JXaPqOV4ABmhLCPeXheXa9Z4w__,122
sha512-jhgYzMsyztYnmCM0G9HpJVjNd3iUBP093TX8Q8_WQ10Yc4PT_n6KDiwe7_okqIAkaSsDkc8c9ud0fYIUgjDfSg__,123
sha512-k01ucX2tSei9_dufRvpNRS_nuaW0f6zGTK8uvUbELbe3NzBsFiZVJCK_qNdr_KOo_29Go_zUBVPmFn9m8bFRTw__,124
sha512-kLwIxeMo2Ms6UHdWdSIAqtIxnYZKxxHeV1Sk8ThtJNnG4tXfSgmPv1gbiEiZyd_GU5h9it3RPIqYEzClCMfXYA__,125
sha512-lQd7fQExlW0KQM0ueyQcsEfQBLXloANddc6QB8K1N4anWGj8vEuiMt1BqNxaf5i4_9g2uBM0iJ8IFcPV3FvF_g__,126
sha512-l_LurYKmIU4yVH0VeLBvLmSjkYttFo2pJWABgeWCdUVzkfhGeGD_NpV9PKQOpdO9zLvmEj5uj8Tk7ETK55n6_g__,127
sha512-m9UHtRvGaJdJSQVFweAu7FhN9Omz1uHhqE2szzzNDQNEhfLrbrCfjLKdoU10SJnH5vSXQLx23TaTKprrVoJksg__,128
sha512-mN1k4lO5OPaE5PeJQrhTn4vA9CWwK6E8_trqzpU0_PtSE4fKKH5qe1UwCONypTI2yPuxXHUKqvnbcBh7GgAf0g__,129
sha512-mUMVuxVcQ6W7G3qDnMIDvHqqMrbcDPWj_SxYp6YG6X7ccXzJOq8pdEYXyMmUna4n91Rjf4x5281_iPrGrWQgCQ__,130
sha512-n1iXLYrYfC43EjeGlNiusmPQy2GYN43qPFlg7ex5_pfig5wHD6HhwaM9N9XmtZKLTaMceM8_SzpHXpOyl32qdA__,131
sha512-n5ahmZzKWvHgSKxOiqirH6jIic1kV9YCWvtN9Y_cl3y12GqJXkMk5Sy_bBRcFQuHrCaX3iMMr7XLsIV9ADA_xw__,132
sha512-nSHkHzsmRMuvEpTImWlZe5KM5S_G1PkPDQcKEmsr_IVUu9fBnAvl_Dwe7gu_e9Op0Dyhn4C8WAPYO_vMz_VvlA__,133
sha512-p5sgpqiu0GRpCKN3BMQ126zIfhx1FnYlgCSd6wpgu4zcsCYrh3JzTrgw2iOZY3QqKCFU5vM_e5m76Ih_L6uNvg__,134
sha512-pV9t_DU4M_y34jNzK6Tv6PAFRq0_ezlAkBzjRfNJ6DKYvhXvVZ_rV1DF95PZdax_ENcPJcbfBTrkTw5ud6NHeg__,135
sha512-q8zC_HKlBOMisF31UmlWjr2_jB2hSJa24uPlz3wWVmVVpIcMS2ZmRKHdKWt11c3nIHAMkUIDeVL2apyg7hcvFQ__,136
sha512-qPxaz7t7qGsbumWvbtzoyw0lOulWzh7gUJqelEZvP2ASKRcS6nEawywRrv5k1o9KeQMgwguH4Tz8lXbXf8svKg__,137
sha512-qhUSlTFxRwz_yXshbYiRUyCAPH9GGEVUg2yH50sSyMR7tO6EsbfdfqB_P7H5v4HbbRjcSpMwVzmba3q9Axw3eQ__,138
sha512-rJ5_ITBQF6QrqHiWHaVvBzDlolcCNzirwPezzxjA59aFtS4DBOUsk1VBYdOAToI3F8tjiMEeXV6P6F1TOeoyGg__,139
sha512-rYARvLb_hfKRZf9O45_ca2Zzl1xeMUIGzneHfUDHnEHka_4bpWaI_mzVm36ceHnHKeXFMGRcwZ9_B3P9a1vjNQ__,140
sha512-sILQDNMREYPEoaofSlhSbL0gmARwvWeMofjLs5g0ntRxzUwIwhG9YeqZLAR8k2AcR9aHCpDCi7wQ6_4OpUfMmA__,141
sha512-sg_S2jZiOjIy0fy_FeA77_ezGl5x6OaNeqkvYFOiq1QeUKtbQd_H5PR0QenAK_fenrPKMZaRSslNAlCJJ7z6Zw__,142
sha512-tBWNDLewZzOc9i61Sd78Hj2NMk4yu0C2BuHE1y51ubRSoIHN5rruI6aewkYdWbO_X0Z8INSzJLzheH0bJgudfA__,143
sha512-tWBFA_orcI8ClJDfZCUD63hKEGWwONo5XWGvNNL2dtKHgWKBrV8EWJwwOBsJVY7_CjwH7LrS84clmlxQTQZhHA__,144
sha512-tp813kH83F_PZ21YvuDjRSfVnD5lOMQ_5WamkchsmDm9cdEQk9gVrvfzpsxrYGvJPoKhm2_O4qRyIJSfj8ZqMQ__,145
sha512-ttRHEtlDf7ekIFemJsQWRQ8OpIloQ0kRDjOu7VrUjHvIz_1JsqE1bIJUQmGhrkR49CzogXEqCpUsoc_oq6sW8w__,146
sha512-u29TNH9kdzACXnb_Nvr7DBbYsKifcGe_dV3ni5KHwe1um5FQ6ie98OdV6wXujTdOEuo_s2se_SgU7P62YxRROA__,147
sha512-vC_5RbEgpEZDOktPGrdA6dKAOYVhGR8MEm4TdgH_3oJRR6iHh_DA8qdp4QCMcjLIl1rQCWT0jKd0vc5eMD_nWQ__,148
sha512-vaL9NUGMhcMhJ4uiJ3K_09y67EiNOD9OUp8IwrGS_qak6XxRZKBU0x9XTlcC29M_b9kJ0kymcqqtkE6en34VoA__,149
sha512-vjzfbgAAqN_10QzuCezUZKV_aiDfq4Kb2tU_DQVLwIxWSPQNLJdeotKI_soYy_WBxelRA6ICG0Z9vc8gjGbBtg__,150
sha512-vuksdzAuDcWwkZyPrENfRfDp14sKBzso0Q_ut5VR10AJRPP7KoJBAA1N9zX1zx1EkjgMBmU1j2qJGqf_uqXXig__,151
sha512-wkjd79KbKk1HovskrZHDXSgCeJaEzQB5fHf81ir7doCoU1LGHwprRFXVfSZ5k0ujB2QY0nkTPy6g_EKKhkwE2g__,152
sha512-wwsaUfw4wMu6dIDc376i6c0wUeqMHrchdK5Gk9jicVDWqA5a2fJ0NFKfG8wmVvrz8le16wc3x13Mxh1cm_Dtaw__,153
sha512-x7s3jJFvfw69TQeRfoi5WndZNzD08NUv0s9QsRBfhqL_jQwVtxD1BjYEN3Y3Mr1ePV_EDArW3yDOTWtokoyXxw__,154
sha512-xfolpgcMSXGl_BHb2qiKrzLgJjwHtY01BCVMxPNk8lu5XdesyLP__4tBru_F3scxQdH3Z2ppGszqXszxbvVB5g__,155
sha512-xg42ulbgD0Us86S_Bcxr94QAg6QfzZqpMIjQFqsn5Ql8FyAObiXbPQIi7_MVzRwMehFZLrjrAV2Lkv0yqR0JHg__,156
sha512-yaXo7ZpVlZx_6mjCDIaoBXUvqzGqwlHCOdnRhJHUa7gccpXBO8jq8mL2GpOBS2waVMRhvC_BcJZK03TgF2t1iw__,157
sha512-zKeerWHHuP3ar7kX2WKBSENzb_GJytFSBL6HrR2nPSR1kOX1qjm_oHooQtbDpDBSITgyl7QXZApvDfDWvKjkUw__,158
sha512-zXrTKRu681OgVr7POnLJgL02OtBAwnlET0jwhvN9vcfMlJGwsRDh8vM_ykM6VdIG2GIcnb5Wj_BZpXtmhmh_yA__,159
sha512-zY43AHKZ7MFllOkGnxIf3xsHVqkjnWyqdlZnVGcackDgGYYAGqQLkY1tG8qe9VlPTPhDApCz69S0M1Gp_0bmcw__,160
sha512-zhlv7baLCl9R654_U0rwbJ1ObTEW8ivlQG01dPIdAfzFJlmagqyWxRgfZntDZ_RptPI9n_zCx17LmxgygVGXjw__,161
